feature	metadata	value	coef	stderr	N	N.not.0	pval	qval
ASV14	DurationCombined	DurationCombined	1.40116235872059	0.527890806580286	50	40	0.0107488374306257	0.064493024583754
ASV54	DurationCombined	DurationCombined	-0.804192303527086	0.353390856241638	50	50	0.0273704833582194	0.0821114500746583
ASV205	DurationCombined	DurationCombined	-0.855489045258507	0.532623665718716	50	39	0.114794110932441	0.172191166398661
ASV369	DurationCombined	DurationCombined	-0.575819951362748	0.34385164539886	50	47	0.100513699562779	0.172191166398661
ASV82	DurationCombined	DurationCombined	0.225293268670779	0.652540188702103	50	37	0.731410545846359	0.731410545846359
ASV210	DurationCombined	DurationCombined	-0.2553544833812	0.574766097774181	50	41	0.658840077245198	0.731410545846359
