feature	metadata	value	coef	stderr	N	N.not.0	pval	qval
ASV3	SexOfPartner	M	-4.25938135814406	1.61309622484003	72	69	0.0102595285785334	0.123114342942401
