feature	metadata	value	coef	stderr	N	N.not.0	pval	qval
ASV3	SexOfPartner	M	-4.25561247909105	1.61232324014389	72	69	0.0102889351008698	0.123467221210438
