feature	metadata	value	coef	stderr	N	N.not.0	pval	qval
ASV54	SexOfPartner	M	-4.25304835109466	1.63332793979359	72	68	0.0113078825876189	0.135694591051427
