feature	metadata	value	coef	stderr	N	N.not.0	pval	qval
ASV3	grp	02_premenopausal	-4.28649337226937	0.836218253893071	72	69	2.78895903553692e-06	5.57791807107383e-05
ASV6	grp	02_premenopausal	-4.67396736861546	1.23902757148346	72	52	0.000348387360599936	0.00348387360599936
ASV1	grp	03_trans-men	-4.22804697390373	1.21200721918378	72	66	0.000869979931780697	0.00579986621187131
ASV1	grp	02_premenopausal	2.41583367041893	0.844004249416763	72	66	0.00562925584037651	0.0281462792018826
ASV6	SexOfPartner	M	5.67125939600255	2.34633753267081	72	52	0.0184172913000893	0.0736691652003573
ASV3	grp	03_trans-men	2.5302295475868	1.2008263717061	72	69	0.0389154334628668	0.129718111542889
