feature	metadata	value	coef	stderr	N	N.not.0	pval	qval
ASV3	grp	02_premenopausal	-4.27829308735429	0.836365056074409	72	69	2.90449809155383e-06	5.80899618310766e-05
ASV6	grp	02_premenopausal	-4.67398905185509	1.2390306748393	72	52	0.000348378122177153	0.00348378122177153
ASV1	grp	03_trans-men	-4.22803206005354	1.21196014826871	72	66	0.000869642060420748	0.00579761373613832
ASV1	grp	02_premenopausal	2.41586618071906	0.843971470690931	72	66	0.00562689556996599	0.0281344778498299
ASV6	SexOfPartner	M	5.67112021661312	2.34634340947327	72	52	0.0184203232055581	0.0736812928222325
ASV3	grp	03_trans-men	2.53109731231823	1.20103718261575	72	69	0.0388837863261847	0.129612621087282
