feature	metadata	value	coef	stderr	N	N.not.0	pval	qval
ASV14	Duration_GNRH	Duration_GNRH	-2.1611830890929	1.06671370867983	25	17	0.0773332379281872	0.276501734655294
ASV66	Duration_GNRH	Duration_GNRH	-1.87683359181393	1.29182887041296	25	18	0.184334489770196	0.276501734655294
ASV87	Duration_GNRH	Duration_GNRH	2.28951053707864	1.27394703024284	25	20	0.110026359930464	0.276501734655294
ASV568	Duration_GNRH	Duration_GNRH	-1.02335112509406	0.681291664989001	25	25	0.171477929397224	0.276501734655294
ASV205	Duration_GNRH	Duration_GNRH	-0.403688889394132	0.789011954253871	25	24	0.622723858663752	0.747268630396502
ASV54	Duration_GNRH	Duration_GNRH	-0.0898064233219823	0.580979673881396	25	25	0.880982990366406	0.880982990366406
