feature	metadata	value	coef	stderr	N	N.not.0	pval	qval
ASV2	DurationMenopause	DurationMenopause	0.448717462503655	0.661171388885502	25	25	0.504118898901466	0.678044527704676
ASV7	DurationMenopause	DurationMenopause	0.729892276316693	0.967269761944038	25	19	0.458152183801784	0.678044527704676
ASV33	DurationMenopause	DurationMenopause	-0.575305145452967	0.856628818943373	25	21	0.508533395778507	0.678044527704676
ASV18	DurationMenopause	DurationMenopause	0.246370018181489	0.648393592774858	25	25	0.70745393722448	0.70745393722448
