feature	metadata	value	coef	stderr	N	N.not.0	pval	qval
ASV16	DurationMenopause	DurationMenopause	0.528987346126328	0.70069257166137	25	23	0.457940883510266	0.677399408229103
ASV82	DurationMenopause	DurationMenopause	0.790036651934152	0.957294343256832	25	19	0.417690197994702	0.677399408229103
ASV271	DurationMenopause	DurationMenopause	0.260169436409213	0.617442265051843	25	25	0.677399408229103	0.677399408229103
ASV526	DurationMenopause	DurationMenopause	-0.505567991783108	0.815090341458217	25	21	0.541184136175028	0.677399408229103
