feature	metadata	value	coef	stderr	N	N.not.0	pval	qval
ASV2	Testosterone	Testosterone	0.973679446420641	0.743951336782079	25	18	0.204111472699822	0.356925730684747
ASV4	Testosterone	Testosterone	1.11634113550967	0.895633048223242	25	18	0.225716747206314	0.356925730684747
ASV6	Testosterone	Testosterone	-1.08727022819759	0.824229935970872	25	20	0.200690069623692	0.356925730684747
ASV31	Testosterone	Testosterone	-0.447975445795304	0.369276567458783	25	25	0.237950487123164	0.356925730684747
ASV3	Testosterone	Testosterone	-0.226820391757794	0.309357395171832	25	25	0.471178538520435	0.565414246224523
ASV17	Testosterone	Testosterone	-0.0703324952779758	0.462850768253182	25	25	0.880607324947569	0.880607324947569
