feature	metadata	value	coef	stderr	N	N.not.0	pval	qval
ASV4	CycleDaySampling	CycleDaySampling	-1.84681855381024	0.571585692091468	25	24	0.00369390047392718	0.00738780094785435
ASV1	CycleDaySampling	CycleDaySampling	0.431663952546515	0.216195053002802	25	25	0.0578327612394546	0.0578327612394546
