feature	metadata	value	coef	stderr	N	N.not.0	pval	qval
ASV55	GHAT_Length	GHAT_Length	0.473459649866372	0.160096654003584	25	19	0.00706203898148774	0.041818106547221
ASV59	GHAT_Length	GHAT_Length	-0.331566453781436	0.129417397389921	25	18	0.0174276281510939	0.041818106547221
ASV60	GHAT_Length	GHAT_Length	-0.301270372894631	0.113017907757786	25	17	0.0138112991339133	0.041818106547221
ASV64	GHAT_Length	GHAT_Length	-0.311217629959532	0.122863749135568	25	18	0.0185858251320982	0.041818106547221
ASV58	GHAT_Length	GHAT_Length	-0.285980164312482	0.135276338641753	25	18	0.0455641723143405	0.0820155101658128
ASV54	GHAT_Length	GHAT_Length	-0.191193752730562	0.170040538712734	25	19	0.272441332152672	0.284310539269979
ASV57	GHAT_Length	GHAT_Length	-0.201121056709407	0.180768129190006	25	19	0.27737795613093	0.284310539269979
ASV61	GHAT_Length	GHAT_Length	-0.248523254978728	0.226700658722643	25	18	0.284310539269979	0.284310539269979
ASV62	GHAT_Length	GHAT_Length	-0.212174206044402	0.178894693627694	25	19	0.247719267904724	0.284310539269979
