feature	metadata	value	coef	stderr	N	N.not.0	pval	qval
ASV55	GHAT_Length	GHAT_Length	0.473459649866372	0.160096654003584	25	19	0.00706203898148774	0.041818106547221
ASV59	GHAT_Length	GHAT_Length	-0.331566453781436	0.129417397389921	25	18	0.0174276281510939	0.041818106547221
ASV60	GHAT_Length	GHAT_Length	-0.301270372894631	0.113017907757786	25	17	0.0138112991339133	0.041818106547221
ASV64	GHAT_Length	GHAT_Length	-0.311217629959532	0.122863749135568	25	18	0.0185858251320982	0.041818106547221
ASV58	GHAT_Length	GHAT_Length	-0.285980164312482	0.135276338641753	25	18	0.0455641723143405	0.0820155101658128
