feature	metadata	value	coef	stderr	N	N.not.0	pval	qval
ASV4	CycleDaySampling	CycleDaySampling	-0.538959187786961	0.225942958325794	25	5	0.025686450165975	0.0988127559760122
ASV7	CycleDaySampling	CycleDaySampling	-1.23932234361623	0.546110317220435	25	15	0.0329375853253374	0.0988127559760122
ASV14	CycleDaySampling	CycleDaySampling	-1.67640569809193	0.712923388046876	25	10	0.0276382531366183	0.0988127559760122
ASV8	CycleDaySampling	CycleDaySampling	-1.27971148985445	0.765524485278691	25	14	0.108139442268586	0.243313745104319
ASV1	CycleDaySampling	CycleDaySampling	1.22044936851373	0.830528481129006	25	21	0.155248113186551	0.279446603735792
ASV11	CycleDaySampling	CycleDaySampling	-0.860924884769844	0.741930920115424	25	18	0.257795879787721	0.386693819681581
ASV79	CycleDaySampling	CycleDaySampling	0.282345196745988	0.707942936871344	25	11	0.693700991968453	0.891901275388011
ASV2	CycleDaySampling	CycleDaySampling	-0.102897010524508	0.911892701576634	25	20	0.911137343354882	0.9558392723106
ASV16	CycleDaySampling	CycleDaySampling	-0.0299833505838052	0.535584801186463	25	11	0.9558392723106	0.9558392723106
