feature	metadata	value	coef	stderr	N	N.not.0	pval	qval
ASV4	CycleDaySampling	CycleDaySampling	-0.538959187786961	0.225942958325794	25	5	0.025686450165975	0.0988127559760122
ASV7	CycleDaySampling	CycleDaySampling	-1.23932234361623	0.546110317220435	25	15	0.0329375853253374	0.0988127559760122
ASV14	CycleDaySampling	CycleDaySampling	-1.67640569809193	0.712923388046876	25	10	0.0276382531366183	0.0988127559760122
