feature	metadata	value	coef	stderr	N	N.not.0	pval	qval
ASV2	DurationMenopause	DurationMenopause	0.150825491494733	0.636277467004219	25	25	0.814721590585945	0.900122540966422
ASV7	DurationMenopause	DurationMenopause	0.596906532117034	0.734795100047453	25	24	0.424922822449401	0.900122540966422
ASV12	DurationMenopause	DurationMenopause	-0.0912132758885517	0.626276224951332	25	25	0.885471454726832	0.900122540966422
ASV18	DurationMenopause	DurationMenopause	0.0808760140992194	0.637321440388309	25	25	0.900122540966422	0.900122540966422
