feature	metadata	value	coef	stderr	N	N.not.0	pval	qval
ASV17	GHAT_Length	GHAT_Length	-1.21347905721488	0.375742807384641	25	25	0.00370716851586867	0.0370716851586867
ASV3	GHAT_Length	GHAT_Length	-0.640654244174679	0.277304195976683	25	25	0.0301889129973991	0.150944564986996
