feature	metadata	value	coef	stderr	N	N.not.0	pval	qval
ASV17	GHAT_Length	GHAT_Length	-1.21328788782577	0.375757195296377	25	25	0.00371278734193043	0.0371278734193043
ASV3	GHAT_Length	GHAT_Length	-0.640687958993025	0.277314778329229	25	25	0.0301867574808105	0.150933787404052
