feature	metadata	value	coef	stderr	N	N.not.0	pval	qval
ASV55	GHAT_Length	GHAT_Length	-0.645041445725424	0.268276707405837	25	25	0.0246489891785662	0.123244945892831
ASV205	GHAT_Length	GHAT_Length	-0.915966532850497	0.348046468674345	25	24	0.0149095754281035	0.123244945892831
ASV568	GHAT_Length	GHAT_Length	-0.667240881825251	0.312348894365557	25	25	0.0435295292202527	0.145098430734176
