feature	metadata	value	coef	stderr	N	N.not.0	pval	qval
ASV3	SexuallyActive	no	2.25723130631872	0.97747465950112	72	69	0.0238856985816939	0.0665543308275222
ASV6	SexuallyActive	no	2.54670727281216	1.1727358988364	72	52	0.0332771654137611	0.0665543308275222
ASV4	SexuallyActive	no	-1.4793598106676	1.0425208638064	72	59	0.160330196048946	0.213773594731928
ASV1	SexuallyActive	no	-0.997338633370335	0.920721861464956	72	66	0.282430646570342	0.282430646570342
