feature	metadata	value	coef	stderr	N	N.not.0	pval	qval
ASV54	SexuallyActive	no	2.31295682386154	0.985683536072336	72	68	0.0217837332274408	0.063898289816948
ASV87	SexuallyActive	no	2.51598257065374	1.14947972485071	72	53	0.031949144908474	0.063898289816948
