feature	metadata	value	coef	stderr	N	N.not.0	pval	qval
ASV14	DurationMenopause	DurationMenopause	-0.0711132378841333	0.113766579627273	25	9	0.53807126926201	0.794304764398219
ASV16	DurationMenopause	DurationMenopause	-0.0381102754873253	0.144482044680685	25	11	0.794304764398219	0.794304764398219
